case_id,criterion,pull,argument
case_id,criterion,pull,argument
C-1,requirements,predictive,"Формат пакета визначений наказом регулятора, специфікація опублікована, редакції виходять раз на рік і оголошуються за три місяці"
C-1,technology,adaptive,"API реєстру нове, документація неповна, поведінка двох методів за квартал двічі змінювалась без оголошення"
C-1,release_cost,predictive,"Помилка означає неприйняту звітність, припис регулятора і ручне виправлення, а дата подання є фіксованою"
C-1,customer,predictive,"Замовник відповідає через три-п'ять робочих днів, не ходить на щотижневі демо і приймає роботу по етапах"
C-1,contract,predictive,"Fixed price, обсяг зафіксований у технічному завданні, зміни потребують додаткової угоди і приблизно двох тижнів погоджень"
C-1,team,predictive,"Команда має досвід двох схожих інтеграційних модулів, але троє підрядників працюють в іншому графіку, а тестувальник ділиться з іншим проєктом"
C-2,requirements,adaptive,"Вимоги формуються через інтерв'ю кожні два тижні, після кожної серії беклог змінюється"
C-2,technology,predictive,"Команда працює зі звичним стеком, а платіжний провайдер має нормальну документацію і робочу пісочницю"
C-2,release_cost,adaptive,"Звичайні помилки можна швидко відкотити, а релізи щотижневі й автоматичні, хоча помилки платежів мають значно вищу ціну"
C-2,customer,adaptive,"Продакт-засновник присутній у команді, щоп'ятниці дивиться демо, відповідає за півгодини і сам приносить нові гіпотези"
C-2,contract,adaptive,"Власного зовнішнього контракту немає, обсяг не зафіксований, а команда має бюджет на дев'ять місяців і фіксовану дату його завершення"
C-2,team,adaptive,"П'ятеро людей працюють в одній кімнаті, усі можуть брати будь-яку задачу і не мають вузьких спеціалізацій"
C-3,requirements,adaptive,"Реальний процес погодження відрізняється від положення, три юристи мають різні версії процесу, а на демо постійно виявляються нові винятки"
C-3,technology,adaptive,"Схема старої системи не документована, а перше вивантаження показало приблизно одну восьму договорів без заповненого поля контрагента"
C-3,release_cost,predictive,"Помилка щомісячного нарахування виявляється вже після передачі в бухгалтерію та платежів контрагентам"
C-3,customer,adaptive,"Керівниця юридичного відділу доступна щотижня, приводить своїх людей на демо і дає розгорнутий зворотний зв'язок"
C-3,contract,predictive,"Договір fixed price, обсяг визначений ТЗ до першого демо, бюджет на рік не можна збільшити, а зміни потребують підпису фінансового директора"
C-3,team,adaptive,"Команда працює разом два роки, усі в одному офісі і спокійно беруть суміжні задачі"
